<?xml version="1.0" encoding="UTF-8"?>
<project-private xmlns="http://www.netbeans.org/ns/project-private/1">
    <editor-bookmarks xmlns="http://www.netbeans.org/ns/editor-bookmarks/2" lastBookmarkId="0"/>
    <open-files xmlns="http://www.netbeans.org/ns/projectui-open-files/2">
        <group>
            <file>file:/D:/LibraryManagement/Library_Management_System/src/com/library/forms/RegForm.java</file>
            <file>file:/D:/LibraryManagement/Library_Management_System/src/com/library/forms/LocationForm.java</file>
            <file>file:/D:/LibraryManagement/Library_Management_System/src/com/library/forms/ReturnListForm.java</file>
            <file>file:/D:/LibraryManagement/Library_Management_System/src/com/library/forms/MainForm.java</file>
            <file>file:/D:/LibraryManagement/Library_Management_System/src/com/library/db/ImageUtiltiy.java</file>
            <file>file:/D:/LibraryManagement/Library_Management_System/src/reports/.project</file>
            <file>file:/D:/LibraryManagement/Library_Management_System/src/com/library/forms/SupplierForm.java</file>
            <file>file:/D:/LibraryManagement/Library_Management_System/src/com/library/forms/SubjectForm.java</file>
            <file>file:/D:/LibraryManagement/Library_Management_System/src/com/library/forms/PublisherForm.java</file>
            <file>file:/D:/LibraryManagement/Library_Management_System/src/com/library/forms/ProfileForm.java</file>
            <file>file:/D:/LibraryManagement/Library_Management_System/src/reports/BookListReport.jrxml</file>
            <file>file:/D:/LibraryManagement/Library_Management_System/src/com/library/forms/SplashForm.java</file>
            <file>file:/D:/LibraryManagement/Library_Management_System/src/com/library/db/DBClass.java</file>
            <file>file:/D:/LibraryManagement/Library_Management_System/src/com/library/forms/BookSearchForm.java</file>
            <file>file:/D:/LibraryManagement/Library_Management_System/src/reports/books.jpg</file>
            <file>file:/D:/LibraryManagement/Library_Management_System/src/com/library/forms/RecoverPassForm.java</file>
            <file>file:/D:/LibraryManagement/Library_Management_System/src/reports/.settings/org.eclipse.core.resources.prefs</file>
            <file>file:/D:/LibraryManagement/Library_Management_System/src/com/library/forms/MemberForm.java</file>
            <file>file:/D:/LibraryManagement/Library_Management_System/src/com/library/forms/ReportFrame.java</file>
            <file>file:/D:/LibraryManagement/Library_Management_System/src/com/library/forms/LoginForm.java</file>
            <file>file:/D:/LibraryManagement/Library_Management_System/src/com/library/forms/UserForm.java</file>
            <file>file:/D:/LibraryManagement/Library_Management_System/src/com/library/forms/BookEntry.java</file>
        </group>
    </open-files>
</project-private>
